serial-number,Drive Status,Raw Read Error Rate,SpinUpTime,Reallocated Sector Count,Seek Error Rate,Power on Hours,Reported Uncorrectable Error,High Fly Writes,Temperature Celsius,Hardware ECC Recovered,Current Pending Sector,Reallocated Sectors Count,Current Pending Sectors counts
00001,-1,0.451613,0.259259,-1,0.317073,0.894737,0.878788,0.89899,-0.657143,-0.139785,1,0.935255,-1
00001,-1,0.483871,0.259259,-1,0.317073,0.894737,0.878788,0.89899,-0.657143,-0.11828,1,0.935255,-1
00001,-1,0,0.259259,-1,0.317073,0.894737,0.878788,0.89899,-0.657143,-0.11828,1,0.935255,-1
00001,-1,0.096774,0.259259,-1,0.317073,0.894737,0.878788,0.89899,-0.714286,-0.139785,1,0.935255,-1
00001,-1,0.193548,0.259259,-1,0.317073,0.894737,0.878788,0.89899,-0.657143,-0.139785,1,0.935255,-1
00001,-1,0.290323,0.259259,-1,0.317073,0.894737,0.878788,0.89899,-0.657143,-0.11828,1,0.935255,-1
00001,-1,0.290323,0.259259,-1,0.317073,0.894737,0.878788,0.89899,-0.657143,-0.139785,1,0.935255,-1
00001,-1,0.290323,0.259259,-1,0.317073,0.894737,0.878788,0.89899,-0.657143,-0.139785,1,0.935255,-1
00001,-1,0.322581,0.259259,-1,0.317073,0.894737,0.878788,0.89899,-0.657143,-0.139785,1,0.935255,-1
00001,-1,0.354839,0.259259,-1,0.317073,0.894737,0.878788,0.89899,-0.657143,-0.139785,1,0.935255,-1
00001,-1,0.387097,0.259259,-1,0.317073,0.894737,0.878788,0.89899,-0.714286,-0.139785,1,0.935255,-1
00001,-1,0.387097,0.259259,-1,0.317073,0.894737,0.878788,0.89899,-0.714286,-0.139785,1,0.935255,-1
00001,-1,0.387097,0.259259,-1,0.317073,0.894737,0.878788,0.89899,-0.657143,-0.139785,1,0.935255,-1
00001,-1,0.387097,0.259259,-1,0.317073,0.894737,0.878788,0.89899,-0.657143,-0.139785,1,0.935255,-1
00001,-1,0.419355,0.259259,-1,0.317073,0.894737,0.878788,0.89899,-0.657143,-0.139785,1,0.935255,-1
00001,-1,0.419355,0.259259,-1,0.317073,0.894737,0.878788,0.89899,-0.657143,-0.139785,1,0.935255,-1
00001,-1,0.419355,0.259259,-1,0.317073,0.894737,0.878788,0.89899,-0.657143,-0.16129,1,0.935255,-1
00001,-1,0.451613,0.259259,-1,0.317073,0.894737,0.878788,0.89899,-0.657143,-0.139785,1,0.935255,-1
00001,-1,0.451613,0.259259,-1,0.317073,0.894737,0.878788,0.89899,-0.657143,-0.139785,1,0.935255,-1
00001,-1,0.483871,0.259259,-1,0.317073,0.894737,0.878788,0.89899,-0.657143,-0.11828,1,0.935255,-1
00001,-1,0.064516,0.259259,-1,0.317073,0.894737,0.878788,0.89899,-0.6,-0.11828,1,0.935255,-1
00001,-1,0.290323,0.259259,-1,0.317073,0.894737,0.878788,0.89899,-0.542857,-0.11828,1,0.935255,-1
00001,-1,0.387097,0.259259,-1,0.317073,0.894737,0.878788,0.89899,-0.542857,-0.11828,1,0.935255,-1
00001,-1,0.419355,0.259259,-1,0.317073,0.894737,0.878788,0.89899,-0.6,-0.096774,1,0.935255,-1
00001,-1,0.419355,0.259259,-1,0.317073,0.894737,0.878788,0.89899,-0.542857,-0.096774,1,0.935255,-1
00001,-1,0.354839,0.259259,-1,0.317073,0.894737,0.878788,0.89899,-0.6,-0.075269,1,0.935255,-1
00001,-1,0.387097,0.259259,-1,0.317073,0.894737,0.878788,0.89899,-0.542857,-0.075269,1,0.935255,-1
00001,-1,0.387097,0.259259,-1,0.317073,0.894737,0.878788,0.89899,-0.542857,-0.096774,1,0.935255,-1
00001,-1,0.387097,0.259259,-1,0.317073,0.894737,0.878788,0.89899,-0.542857,-0.11828,1,0.935255,-1
00001,-1,0.387097,0.259259,-1,0.317073,0.894737,0.878788,0.89899,-0.542857,-0.11828,1,0.935255,-1
00001,-1,0.387097,0.259259,-1,0.317073,0.894737,0.878788,0.89899,-0.6,-0.11828,1,0.935255,-1
00001,-1,0.419355,0.259259,-1,0.317073,0.894737,0.878788,0.89899,-0.6,-0.096774,1,0.935255,-1
00001,-1,0.419355,0.259259,-1,0.317073,0.894737,0.878788,0.89899,-0.6,-0.096774,1,0.935255,-1
00001,-1,0.419355,0.259259,-1,0.317073,0.894737,0.878788,0.89899,-0.542857,-0.11828,1,0.935255,-1
00001,-1,0.419355,0.259259,-1,0.317073,0.894737,0.878788,0.89899,-0.542857,-0.11828,1,0.935255,-1
00001,-1,0.451613,0.259259,-1,0.317073,0.894737,0.878788,0.89899,-0.542857,-0.096774,1,0.935255,-1
00001,-1,0.451613,0.259259,-1,0.317073,0.894737,0.878788,0.89899,-0.542857,-0.11828,1,0.935255,-1
00001,-1,0.483871,0.259259,-1,0.317073,0.894737,0.878788,0.89899,-0.542857,-0.096774,1,0.935255,-1
00001,-1,0,0.259259,-1,0.317073,0.894737,0.878788,0.89899,-0.542857,-0.11828,1,0.935255,-1
00001,-1,0.129032,0.259259,-1,0.317073,0.894737,0.878788,0.89899,-0.542857,-0.11828,1,0.935255,-1
00001,-1,0.193548,0.259259,-1,0.317073,0.894737,0.878788,0.89899,-0.542857,-0.11828,1,0.935255,-1
00001,-1,0.193548,0.259259,-1,0.317073,0.894737,0.878788,0.89899,-0.542857,-0.139785,1,0.935255,-1
00001,-1,0.290323,0.259259,-1,0.317073,0.894737,0.878788,0.878788,-0.485714,-0.11828,1,0.935255,-1
00001,-1,0.290323,0.259259,-1,0.317073,0.894737,0.878788,0.878788,-0.542857,-0.139785,1,0.935255,-1
00001,-1,0.322581,0.259259,-1,0.317073,0.894737,0.878788,0.878788,-0.485714,-0.11828,1,0.935255,-1
00001,-1,0.322581,0.259259,-1,0.317073,0.894737,0.878788,0.878788,-0.542857,-0.139785,1,0.935255,-1
00001,-1,0.354839,0.259259,-1,0.317073,0.894737,0.878788,0.878788,-0.542857,-0.139785,1,0.935255,-1
00001,-1,0.387097,0.259259,-1,0.317073,0.894737,0.878788,0.878788,-0.485714,-0.11828,1,0.935255,-1
00001,-1,0.387097,0.259259,-1,0.317073,0.894737,0.878788,0.878788,-0.542857,-0.11828,1,0.935255,-1
00001,-1,0.387097,0.259259,-1,0.317073,0.894737,0.878788,0.878788,-0.542857,-0.139785,1,0.935255,-1
00001,-1,0.387097,0.259259,-1,0.317073,0.894737,0.878788,0.878788,-0.542857,-0.139785,1,0.935255,-1
00001,-1,0.419355,0.259259,-1,0.317073,0.894737,0.878788,0.878788,-0.542857,-0.139785,1,0.935255,-1
00001,-1,0.419355,0.259259,-1,0.317073,0.894737,0.878788,0.878788,-0.542857,-0.139785,1,0.935255,-1
00001,-1,0.419355,0.259259,-1,0.317073,0.894737,0.878788,0.878788,-0.485714,-0.139785,1,0.935255,-1
00001,-1,0.451613,0.259259,-1,0.317073,0.894737,0.878788,0.878788,-0.485714,-0.139785,1,0.935255,-1
00001,-1,0.451613,0.259259,-1,0.317073,0.894737,0.878788,0.878788,-0.542857,-0.139785,1,0.935255,-1
00001,-1,0.451613,0.259259,-1,0.317073,0.894737,0.878788,0.878788,-0.542857,-0.139785,1,0.935255,-1
00001,-1,0.451613,0.259259,-1,0.317073,0.894737,0.878788,0.878788,-0.485714,-0.139785,1,0.935255,-1
00001,-1,0.483871,0.259259,-1,0.317073,0.894737,0.878788,0.878788,-0.485714,-0.11828,1,0.935255,-1
00001,-1,0.129032,0.259259,-1,0.317073,0.894737,0.878788,0.878788,-0.485714,-0.16129,1,0.935255,-1
00001,-1,0.225806,0.259259,-1,0.317073,0.894737,0.878788,0.878788,-0.542857,-0.16129,1,0.935255,-1
00001,-1,0.290323,0.259259,-1,0.317073,0.894737,0.878788,0.878788,-0.485714,-0.139785,1,0.935255,-1
00001,-1,0.290323,0.259259,-1,0.317073,0.894737,0.878788,0.878788,-0.485714,-0.139785,1,0.935255,-1
00001,-1,0.290323,0.259259,-1,0.317073,0.894737,0.878788,0.878788,-0.485714,-0.16129,1,0.935255,-1
00001,-1,0.322581,0.259259,-1,0.317073,0.789474,0.878788,0.878788,-0.542857,-0.16129,1,0.935255,-1
00001,-1,0.354839,0.259259,-1,0.317073,0.789474,0.878788,0.878788,-0.485714,-0.139785,1,0.935255,-1
00001,-1,0.387097,0.259259,-1,0.317073,0.789474,0.878788,0.878788,-0.542857,-0.139785,1,0.935255,-1
00001,-1,0.419355,0.259259,-1,0.317073,0.789474,0.878788,0.878788,-0.6,-0.139785,1,0.935255,-1
00001,-1,0.451613,0.259259,-1,0.317073,0.789474,0.878788,0.878788,-0.542857,-0.16129,1,0.935255,-1
00001,-1,0.483871,0.259259,-1,0.317073,0.789474,0.878788,0.878788,-0.6,-0.139785,1,0.935255,-1
00001,-1,0.096774,0.259259,-1,0.317073,0.789474,0.878788,0.878788,-0.6,-0.182796,1,0.935255,-1
00001,-1,0.16129,0.259259,-1,0.317073,0.789474,0.878788,0.878788,-0.6,-0.182796,1,0.935255,-1
00001,-1,0.290323,0.259259,-1,0.317073,0.789474,0.878788,0.878788,-0.6,-0.16129,1,0.935255,-1
00001,-1,0.290323,0.259259,-1,0.317073,0.789474,0.878788,0.878788,-0.6,-0.182796,1,0.935255,-1
00001,-1,0.322581,0.259259,-1,0.317073,0.789474,0.878788,0.878788,-0.6,-0.16129,1,0.935255,-1
00001,-1,0.322581,0.259259,-1,0.317073,0.789474,0.878788,0.878788,-0.6,-0.182796,1,0.935255,-1
00001,-1,0.354839,0.259259,-1,0.317073,0.789474,0.878788,0.878788,-0.6,-0.16129,1,0.935255,-1
00001,-1,0.354839,0.259259,-1,0.317073,0.789474,0.878788,0.878788,-0.542857,-0.16129,1,0.935255,-1
00001,-1,0.354839,0.259259,-1,0.317073,0.789474,0.878788,0.878788,-0.542857,-0.182796,1,0.935255,-1
00001,-1,0.387097,0.259259,-1,0.317073,0.789474,0.878788,0.878788,-0.542857,-0.16129,1,0.935255,-1
00001,-1,0.387097,0.259259,-1,0.317073,0.789474,0.878788,0.878788,-0.485714,-0.182796,1,0.935255,-1
00001,-1,0.387097,0.259259,-1,0.317073,0.789474,0.878788,0.878788,-0.542857,-0.182796,1,0.935255,-1
00001,-1,0.387097,0.259259,-1,0.317073,0.789474,0.878788,0.878788,-0.542857,-0.182796,1,0.935255,-1
00001,-1,0.387097,0.259259,-1,0.317073,0.789474,0.878788,0.878788,-0.542857,-0.182796,1,0.935255,-1
00001,-1,0.387097,0.259259,-1,0.317073,0.789474,0.878788,0.878788,-0.542857,-0.182796,1,0.935255,-1
00001,-1,0.387097,0.259259,-1,0.317073,0.789474,0.878788,0.878788,-0.657143,-0.182796,1,0.935255,-1
00001,-1,0.419355,0.259259,-1,0.317073,0.789474,0.878788,0.878788,-0.657143,-0.16129,1,0.935255,-1
00001,-1,0.419355,0.259259,-1,0.317073,0.789474,0.878788,0.878788,-0.657143,-0.16129,1,0.935255,-1
00001,-1,0.419355,0.259259,-1,0.317073,0.789474,0.878788,0.878788,-0.657143,-0.182796,1,0.935255,-1
00001,-1,0.451613,0.259259,-1,0.317073,0.789474,0.878788,0.878788,-0.657143,-0.16129,1,0.935255,-1
00001,-1,0.483871,0.259259,-1,0.317073,0.789474,0.878788,0.878788,-0.657143,-0.16129,1,0.935255,-1
00001,-1,0.193548,0.259259,-1,0.317073,0.789474,0.878788,0.878788,-0.6,-0.139785,1,0.935255,-1
00001,-1,0.258065,0.259259,-1,0.317073,0.789474,0.878788,0.878788,-0.6,-0.139785,1,0.935255,-1
00001,-1,0.290323,0.259259,-1,0.317073,0.789474,0.878788,0.878788,-0.6,-0.139785,1,0.935255,-1
00001,-1,0.290323,0.259259,-1,0.317073,0.789474,0.878788,0.878788,-0.6,-0.16129,1,0.935255,-1
00001,-1,0.322581,0.259259,-1,0.317073,0.789474,0.878788,0.878788,-0.542857,-0.139785,1,0.935255,-1
00001,-1,0.354839,0.259259,-1,0.317073,0.789474,0.878788,0.878788,-0.6,-0.139785,1,0.935255,-1
00001,-1,0.354839,0.259259,-1,0.317073,0.789474,0.878788,0.878788,-0.6,-0.139785,1,0.935255,-1
00001,-1,0.387097,0.259259,-1,0.317073,0.789474,0.878788,0.878788,-0.6,-0.139785,1,0.935255,-1
00001,-1,0.387097,0.259259,-1,0.317073,0.789474,0.878788,0.878788,-0.6,-0.139785,1,0.935255,-1
00001,-1,0.387097,0.259259,-1,0.317073,0.789474,0.878788,0.878788,-0.6,-0.139785,1,0.935255,-1
00001,-1,0.387097,0.259259,-1,0.317073,0.789474,0.878788,0.878788,-0.6,-0.16129,1,0.935255,-1
00001,-1,0.387097,0.259259,-1,0.317073,0.789474,0.878788,0.878788,-0.6,-0.16129,1,0.935255,-1
00001,-1,0.387097,0.259259,-1,0.317073,0.789474,0.878788,0.878788,-0.6,-0.16129,1,0.935255,-1
00001,-1,0.387097,0.259259,-1,0.317073,0.789474,0.878788,0.878788,-0.6,-0.182796,1,0.935255,-1
00001,-1,0.419355,0.259259,-1,0.317073,0.789474,0.878788,0.878788,-0.6,-0.16129,1,0.935255,-1
00001,-1,0.419355,0.259259,-1,0.317073,0.789474,0.878788,0.878788,-0.6,-0.16129,1,0.935255,-1
00001,-1,0.419355,0.259259,-1,0.317073,0.789474,0.878788,0.878788,-0.542857,-0.16129,1,0.935255,-1
00001,-1,0.419355,0.259259,-1,0.317073,0.789474,0.878788,0.878788,-0.6,-0.16129,1,0.935255,-1
00001,-1,0.451613,0.259259,-1,0.317073,0.789474,0.878788,0.878788,-0.6,-0.139785,1,0.935255,-1
00001,-1,0.451613,0.259259,-1,0.317073,0.789474,0.878788,0.878788,-0.6,-0.139785,1,0.935255,-1
00001,-1,0.451613,0.259259,-1,0.317073,0.789474,0.878788,0.878788,-0.6,-0.16129,1,0.935255,-1
00001,-1,0.451613,0.259259,-1,0.317073,0.789474,0.878788,0.878788,-0.6,-0.16129,1,0.935255,-1
00001,-1,0,0.259259,-1,0.317073,0.789474,0.878788,0.878788,-0.6,-0.16129,1,0.935255,-1
00001,-1,0.096774,0.259259,-1,0.317073,0.789474,0.878788,0.878788,-0.6,-0.16129,1,0.935255,-1
00001,-1,0.16129,0.259259,-1,0.317073,0.789474,0.878788,0.878788,-0.6,-0.139785,1,0.935255,-1
00001,-1,0.193548,0.259259,-1,0.341463,0.789474,0.878788,0.878788,-0.6,-0.182796,1,0.935255,-1
00001,-1,0.225806,0.259259,-1,0.341463,0.789474,0.878788,0.878788,-0.6,-0.16129,1,0.935255,-1
00001,-1,0.290323,0.259259,-1,0.341463,0.789474,0.878788,0.878788,-0.6,-0.182796,1,0.935255,-1
00001,-1,0.290323,0.259259,-1,0.341463,0.789474,0.878788,0.878788,-0.6,-0.182796,1,0.935255,-1
00001,-1,0.322581,0.259259,-1,0.341463,0.789474,0.878788,0.878788,-0.542857,-0.182796,1,0.935255,-1
00001,-1,0.354839,0.259259,-1,0.341463,0.789474,0.878788,0.878788,-0.6,-0.16129,1,0.935255,-1
00001,-1,0.387097,0.259259,-1,0.341463,0.789474,0.878788,0.878788,-0.6,-0.16129,1,0.935255,-1
00001,-1,0.387097,0.259259,-1,0.341463,0.789474,0.878788,0.878788,-0.542857,-0.182796,1,0.935255,-1
00001,-1,0.387097,0.259259,-1,0.341463,0.789474,0.878788,0.878788,-0.542857,-0.182796,1,0.935255,-1
00001,-1,0.419355,0.259259,-1,0.341463,0.789474,0.878788,0.878788,-0.542857,-0.16129,1,0.935255,-1
00001,-1,0.419355,0.259259,-1,0.341463,0.789474,0.878788,0.878788,-0.542857,-0.16129,1,0.935255,-1
00001,-1,0.419355,0.259259,-1,0.341463,0.789474,0.878788,0.878788,-0.542857,-0.182796,1,0.935255,-1
00001,-1,0.451613,0.259259,-1,0.341463,0.789474,0.878788,0.878788,-0.542857,-0.16129,1,0.935255,-1
00001,-1,0.451613,0.259259,-1,0.341463,0.789474,0.878788,0.878788,-0.542857,-0.182796,1,0.935255,-1
00001,-1,0.451613,0.259259,-1,0.341463,0.789474,0.878788,0.878788,-0.542857,-0.182796,1,0.935255,-1
00001,-1,0.483871,0.259259,-1,0.341463,0.789474,0.878788,0.878788,-0.542857,-0.182796,1,0.935255,-1
00001,-1,-0.064516,0.259259,-1,0.341463,0.789474,0.878788,0.878788,-0.542857,-0.247312,1,0.935255,-1
00001,-1,0.032258,0.259259,-1,0.341463,0.789474,0.878788,0.878788,-0.6,-0.247312,1,0.935255,-1
00001,-1,0.096774,0.259259,-1,0.341463,0.789474,0.878788,0.878788,-0.6,-0.247312,1,0.935255,-1
00001,-1,0.193548,0.259259,-1,0.341463,0.789474,0.878788,0.878788,-0.6,-0.247312,1,0.935255,-1
00001,-1,0.193548,0.259259,-1,0.341463,0.789474,0.878788,0.878788,-0.6,-0.247312,1,0.935255,-1
00001,-1,0.258065,0.259259,-1,0.341463,0.789474,0.878788,0.878788,-0.6,-0.247312,1,0.935255,-1
00001,-1,0.290323,0.259259,-1,0.341463,0.789474,0.878788,0.878788,-0.6,-0.247312,1,0.935255,-1
00001,-1,0.322581,0.259259,-1,0.341463,0.789474,0.878788,0.878788,-0.6,-0.247312,1,0.935255,-1
00001,-1,-0.516129,0.259259,-1,0.341463,0.789474,0.878788,0.878788,-0.6,-0.247312,1,0.935255,-1
00002,-1,0.387097,0.62963,0.818182,0.414634,0.473684,0.979798,0.757576,-0.485714,-0.182796,1,-0.825614,-1
00002,-1,0.419355,0.62963,0.818182,0.414634,0.473684,0.979798,0.757576,-0.542857,-0.182796,1,-0.825614,-1
00002,-1,0.451613,0.62963,0.818182,0.414634,0.473684,0.979798,0.757576,-0.542857,-0.182796,1,-0.825614,-1
00002,-1,0.451613,0.62963,0.818182,0.414634,0.473684,0.979798,0.757576,-0.542857,-0.204301,1,-0.825614,-1
00002,-1,-0.064516,0.62963,0.818182,0.414634,0.473684,0.979798,0.757576,-0.542857,-0.182796,1,-0.825614,-1
00002,-1,0.096774,0.62963,0.818182,0.414634,0.473684,0.979798,0.757576,-0.542857,-0.182796,1,-0.825614,-1
00002,-1,0.16129,0.62963,0.818182,0.414634,0.473684,0.979798,0.757576,-0.542857,-0.204301,1,-0.825614,-1
00002,-1,0.193548,0.62963,0.818182,0.414634,0.473684,0.979798,0.757576,-0.542857,-0.204301,1,-0.825614,-1
00002,-1,0.258065,0.62963,0.818182,0.414634,0.473684,0.979798,0.757576,-0.485714,-0.204301,1,-0.825614,-1
00002,-1,0.290323,0.62963,0.818182,0.414634,0.473684,0.979798,0.757576,-0.485714,-0.204301,1,-0.825614,-1
00002,-1,0.322581,0.62963,0.818182,0.414634,0.473684,0.979798,0.757576,-0.542857,-0.204301,1,-0.825614,-1
00002,-1,0.354839,0.62963,0.818182,0.414634,0.473684,0.979798,0.757576,-0.542857,-0.204301,1,-0.825614,-1
00002,-1,0.387097,0.62963,0.818182,0.414634,0.473684,0.979798,0.757576,-0.485714,-0.182796,1,-0.825614,-1
00002,-1,0.387097,0.62963,0.818182,0.414634,0.473684,0.979798,0.757576,-0.542857,-0.225806,1,-0.825614,-1
00002,-1,0.419355,0.62963,0.818182,0.414634,0.473684,0.979798,0.757576,-0.542857,-0.225806,1,-0.825614,-1
00002,-1,0.451613,0.62963,0.818182,0.414634,0.473684,0.979798,0.757576,-0.428571,-0.204301,1,-0.825614,-1
00002,-1,0.483871,0.62963,0.818182,0.414634,0.473684,0.979798,0.757576,-0.485714,-0.204301,1,-0.825614,-1
00002,-1,0.387097,0.62963,0.818182,0.414634,0.473684,0.979798,0.757576,-0.485714,-0.182796,1,-0.825614,-1
00002,-1,0.419355,0.62963,0.818182,0.414634,0.473684,0.979798,0.757576,-0.485714,-0.204301,1,-0.825614,-1
00002,-1,0,0.62963,0.818182,0.414634,0.473684,0.979798,0.757576,-0.485714,-0.311828,1,-0.825614,-1
00002,-1,0.16129,0.62963,0.818182,0.414634,0.473684,0.979798,0.757576,-0.485714,-0.290323,1,-0.825142,-1
00002,-1,0.193548,0.62963,0.818182,0.414634,0.473684,0.979798,0.757576,-0.485714,-0.311828,1,-0.825142,-1
00002,-1,0.290323,0.62963,0.818182,0.414634,0.473684,0.979798,0.757576,-0.485714,-0.290323,1,-0.825142,-1
00002,-1,0.322581,0.62963,0.818182,0.414634,0.473684,0.979798,0.757576,-0.485714,-0.290323,1,-0.825142,-1
00002,-1,0.354839,0.62963,0.818182,0.414634,0.473684,0.979798,0.757576,-0.485714,-0.311828,1,-0.825142,-1
00002,-1,0.387097,0.62963,0.818182,0.414634,0.473684,0.979798,0.757576,-0.542857,-0.311828,1,-0.825142,-1
00002,-1,0.387097,0.62963,0.818182,0.414634,0.473684,0.979798,0.757576,-0.542857,-0.311828,1,-0.825142,-1
00002,-1,0.419355,0.62963,0.818182,0.414634,0.473684,0.979798,0.757576,-0.485714,-0.311828,1,-0.825142,-1
00002,-1,0.451613,0.62963,0.818182,0.414634,0.473684,0.979798,0.757576,-0.485714,-0.290323,1,-0.825142,-1
00002,-1,0.483871,0.62963,0.818182,0.414634,0.473684,0.979798,0.757576,-0.485714,-0.290323,1,-0.825142,-1
00002,-1,0.064516,0.62963,0.818182,0.414634,0.473684,0.979798,0.757576,-0.485714,-0.333333,1,-0.825142,-1
00002,-1,0.193548,0.62963,0.818182,0.414634,0.473684,0.979798,0.757576,-0.542857,-0.333333,1,-0.825142,-1
00002,-1,0.258065,0.62963,0.818182,0.414634,0.473684,0.979798,0.757576,-0.485714,-0.333333,1,-0.825142,-1
00002,-1,0.290323,0.62963,0.818182,0.414634,0.473684,0.979798,0.757576,-0.485714,-0.354839,1,-0.825142,-1
00002,-1,0.322581,0.62963,0.818182,0.414634,0.473684,0.979798,0.757576,-0.542857,-0.354839,1,-0.825142,-1
00002,-1,0.322581,0.62963,0.818182,0.414634,0.473684,0.979798,0.757576,-0.485714,-0.354839,1,-0.825142,-1
00002,-1,0.354839,0.62963,0.818182,0.414634,0.473684,0.979798,0.757576,-0.485714,-0.354839,1,-0.825142,-1
00002,-1,0.387097,0.62963,0.818182,0.414634,0.473684,0.979798,0.757576,-0.485714,-0.354839,1,-0.825142,-1
00002,-1,0.387097,0.62963,0.818182,0.414634,0.473684,0.979798,0.757576,-0.542857,-0.376344,1,-0.824669,-1
00002,-1,0.322581,0.62963,0.818182,0.414634,0.473684,0.979798,0.757576,-0.542857,-0.354839,1,-0.824197,-1
00002,-1,0.354839,0.62963,0.818182,0.414634,0.473684,0.979798,0.757576,-0.485714,-0.333333,1,-0.820888,-1
00002,-1,-0.16129,0.62963,0.818182,0.414634,0.473684,0.979798,0.757576,-0.485714,-0.182796,1,-0.820888,-1
00002,-1,0.258065,0.62963,0.818182,0.414634,0.473684,0.979798,0.757576,-0.485714,-0.225806,1,-0.820888,-1
00002,-1,0.290323,0.62963,0.818182,0.414634,0.473684,0.979798,0.757576,-0.542857,-0.268817,1,-0.820416,-1
00002,-1,0.354839,0.62963,0.818182,0.414634,0.473684,0.979798,0.757576,-0.485714,-0.268817,1,-0.819471,-1
00002,-1,0.387097,0.62963,0.818182,0.414634,0.473684,0.979798,0.757576,-0.485714,-0.268817,1,-0.809074,-1
00002,-1,0.387097,0.62963,0.79798,0.414634,0.473684,0.979798,0.757576,-0.485714,-0.311828,1,-0.80293,-1
00002,-1,0.419355,0.62963,0.79798,0.414634,0.473684,0.979798,0.757576,-0.485714,-0.290323,1,-0.789698,-1
00002,-1,0.419355,0.62963,0.757576,0.414634,0.473684,0.979798,0.757576,-0.485714,-0.311828,1,-0.764178,-1
00002,-1,0.451613,0.62963,0.757576,0.414634,0.473684,0.979798,0.757576,-0.485714,-0.290323,1,-0.764178,-1
00002,-1,0.483871,0.62963,0.757576,0.414634,0.473684,0.979798,0.757576,-0.542857,-0.268817,1,-0.764178,-1
00002,-1,0.096774,0.62963,0.757576,0.414634,0.473684,0.979798,0.757576,-0.542857,-0.204301,1,-0.764178,-1
00002,-1,0.225806,0.62963,0.757576,0.414634,0.473684,0.979798,0.757576,-0.485714,-0.225806,1,-0.764178,-1
00002,-1,0.290323,0.62963,0.757576,0.414634,0.473684,0.979798,0.757576,-0.485714,-0.204301,1,-0.764178,-1
00002,-1,0.322581,0.62963,0.757576,0.414634,0.473684,0.979798,0.757576,-0.542857,-0.225806,1,-0.764178,-1
00002,-1,0.387097,0.62963,0.757576,0.414634,0.473684,0.979798,0.757576,-0.485714,-0.182796,1,-0.764178,-1
00002,-1,0.419355,0.62963,0.757576,0.414634,0.473684,0.979798,0.757576,-0.485714,-0.204301,1,-0.763705,-1
00002,-1,0.16129,0.62963,0.757576,0.414634,0.473684,0.979798,0.757576,-0.485714,-0.204301,1,-0.76087,-1
00002,-1,0.193548,0.62963,0.757576,0.414634,0.473684,0.979798,0.757576,-0.485714,-0.204301,1,-0.76087,-1
00002,-1,0,0.62963,0.757576,0.414634,0.473684,0.979798,0.757576,-0.542857,-0.182796,1,-0.76087,-1
00002,-1,0.193548,0.62963,0.757576,0.414634,0.473684,0.979798,0.757576,-0.485714,-0.182796,1,-0.76087,-1
00002,-1,0.258065,0.62963,0.757576,0.414634,0.473684,0.979798,0.757576,-0.542857,-0.204301,1,-0.76087,-1
00002,-1,0.322581,0.62963,0.757576,0.414634,0.473684,0.979798,0.757576,-0.485714,-0.204301,1,-0.76087,-1
00002,-1,0.354839,0.62963,0.757576,0.414634,0.473684,0.979798,0.757576,-0.542857,-0.204301,1,-0.76087,-1
00002,-1,0.387097,0.62963,0.757576,0.414634,0.473684,0.979798,0.757576,-0.542857,-0.182796,1,-0.76087,-1
00002,-1,0.387097,0.62963,0.757576,0.414634,0.473684,0.979798,0.757576,-0.485714,-0.204301,1,-0.76087,-1
00002,-1,0.387097,0.62963,0.757576,0.414634,0.473684,0.979798,0.757576,-0.485714,-0.204301,1,-0.76087,-1
00002,-1,0.419355,0.62963,0.757576,0.414634,0.473684,0.979798,0.757576,-0.485714,-0.204301,1,-0.76087,-1
00002,-1,0.451613,0.62963,0.757576,0.414634,0.473684,0.979798,0.757576,-0.485714,-0.182796,1,-0.76087,-1
00002,-1,0.451613,0.62963,0.757576,0.414634,0.473684,0.979798,0.757576,-0.485714,-0.204301,1,-0.76087,-1
00002,-1,0.483871,0.62963,0.757576,0.414634,0.473684,0.979798,0.757576,-0.485714,-0.182796,1,-0.76087,-1
00002,-1,0.032258,0.62963,0.757576,0.414634,0.473684,0.979798,0.757576,-0.485714,-0.182796,1,-0.76087,-1
00002,-1,0.193548,0.62963,0.757576,0.414634,0.473684,0.979798,0.757576,-0.485714,-0.182796,1,-0.76087,-1
00002,-1,0.225806,0.62963,0.757576,0.414634,0.473684,0.979798,0.757576,-0.542857,-0.182796,1,-0.76087,-1
00002,-1,0.258065,0.62963,0.757576,0.414634,0.473684,0.979798,0.757576,-0.542857,-0.204301,1,-0.76087,-1
00002,-1,0.290323,0.62963,0.757576,0.414634,0.473684,0.979798,0.757576,-0.542857,-0.182796,1,-0.76087,-1
00002,-1,0.290323,0.62963,0.757576,0.414634,0.473684,0.979798,0.757576,-0.542857,-0.204301,1,-0.76087,-1
00002,-1,0.322581,0.62963,0.757576,0.414634,0.473684,0.979798,0.757576,-0.485714,-0.204301,1,-0.76087,-1
00002,-1,0.354839,0.62963,0.757576,0.414634,0.473684,0.979798,0.757576,-0.542857,-0.204301,1,-0.76087,-1
00002,-1,0.387097,0.62963,0.757576,0.414634,0.473684,0.979798,0.757576,-0.485714,-0.182796,1,-0.76087,-1
00002,-1,0.387097,0.62963,0.757576,0.414634,0.473684,0.979798,0.757576,-0.485714,-0.182796,1,-0.76087,-1
00002,-1,0.387097,0.62963,0.757576,0.414634,0.473684,0.979798,0.757576,-0.485714,-0.204301,1,-0.76087,-1
00002,-1,0.419355,0.62963,0.757576,0.414634,0.473684,0.979798,0.757576,-0.485714,-0.204301,1,-0.760397,-1
00002,-1,0.419355,0.62963,0.757576,0.414634,0.473684,0.979798,0.757576,-0.485714,-0.204301,1,-0.760397,-1
00002,-1,0.451613,0.62963,0.757576,0.414634,0.473684,0.979798,0.757576,-0.485714,-0.204301,1,-0.760397,-1
00002,-1,-0.16129,0.62963,0.757576,0.414634,0.473684,0.979798,0.757576,-0.542857,-0.225806,1,-0.760397,-1
00002,-1,0.096774,0.62963,0.757576,0.414634,0.473684,0.979798,0.757576,-0.542857,-0.182796,1,-0.760397,-1
00002,-1,0.193548,0.62963,0.757576,0.414634,0.473684,0.979798,0.757576,-0.542857,-0.182796,1,-0.760397,-1
00002,-1,0.225806,0.62963,0.757576,0.414634,0.473684,0.979798,0.757576,-0.542857,-0.225806,1,-0.760397,-1
00002,-1,0.290323,0.62963,0.757576,0.414634,0.473684,0.979798,0.757576,-0.542857,-0.182796,1,-0.760397,-1
00002,-1,0.290323,0.62963,0.757576,0.414634,0.473684,0.979798,0.757576,-0.485714,-0.182796,1,-0.760397,-1
00002,-1,0.290323,0.62963,0.757576,0.414634,0.473684,0.979798,0.757576,-0.485714,-0.204301,1,-0.760397,-1
00002,-1,0.322581,0.62963,0.757576,0.414634,0.473684,0.979798,0.757576,-0.485714,-0.204301,1,-0.760397,-1
00002,-1,0.322581,0.62963,0.757576,0.414634,0.473684,0.979798,0.757576,-0.485714,-0.225806,1,-0.760397,-1
00002,-1,0.387097,0.62963,0.757576,0.414634,0.473684,0.979798,0.757576,-0.485714,-0.182796,1,-0.760397,-1
00002,-1,0.387097,0.62963,0.757576,0.414634,0.473684,0.979798,0.757576,-0.542857,-0.204301,1,-0.760397,-1
00002,-1,0.387097,0.62963,0.757576,0.414634,0.473684,0.979798,0.757576,-0.542857,-0.204301,1,-0.760397,-1
00002,-1,0.419355,0.62963,0.757576,0.414634,0.473684,0.979798,0.757576,-0.542857,-0.204301,1,-0.760397,-1
00002,-1,0.419355,0.62963,0.757576,0.414634,0.473684,0.979798,0.757576,-0.542857,-0.204301,1,-0.760397,-1
00002,-1,0.419355,0.62963,0.757576,0.414634,0.473684,0.979798,0.757576,-0.542857,-0.225806,1,-0.760397,-1
00002,-1,0.451613,0.62963,0.757576,0.414634,0.473684,0.979798,0.757576,-0.542857,-0.204301,1,-0.760397,-1
00002,-1,0.483871,0.62963,0.757576,0.414634,0.473684,0.979798,0.757576,-0.542857,-0.182796,1,-0.760397,-1
00002,-1,0.032258,0.62963,0.757576,0.414634,0.473684,0.979798,0.757576,-0.542857,-0.247312,1,-0.760397,-1
00002,-1,0.193548,0.62963,0.757576,0.414634,0.473684,0.979798,0.757576,-0.428571,-0.247312,1,-0.760397,-1
00002,-1,0.322581,0.62963,0.757576,0.414634,0.473684,0.979798,0.757576,-0.485714,-0.225806,1,-0.760397,-1
00002,-1,0.354839,0.62963,0.757576,0.414634,0.473684,0.979798,0.757576,-0.542857,-0.225806,1,-0.760397,-1
00002,-1,0.387097,0.62963,0.757576,0.414634,0.473684,0.979798,0.757576,-0.485714,-0.204301,1,-0.760397,-1
00002,-1,0.387097,0.62963,0.757576,0.414634,0.473684,0.979798,0.757576,-0.485714,-0.225806,1,-0.760397,-1
00002,-1,0.387097,0.62963,0.757576,0.414634,0.473684,0.979798,0.757576,-0.485714,-0.225806,1,-0.760397,-1
00002,-1,0.387097,0.62963,0.757576,0.414634,0.473684,0.979798,0.757576,-0.542857,-0.225806,1,-0.760397,-1
00002,-1,0.419355,0.62963,0.757576,0.414634,0.473684,0.979798,0.757576,-0.485714,-0.225806,1,-0.760397,-1
00002,-1,0.419355,0.62963,0.757576,0.414634,0.473684,0.979798,0.757576,-0.542857,-0.225806,1,-0.760397,-1
00002,-1,0.451613,0.62963,0.757576,0.414634,0.473684,0.979798,0.757576,-0.542857,-0.204301,1,-0.760397,-1
00002,-1,0.451613,0.62963,0.757576,0.414634,0.473684,0.979798,0.757576,-0.542857,-0.204301,1,-0.760397,-1
00002,-1,0.451613,0.62963,0.757576,0.414634,0.473684,0.979798,0.757576,-0.485714,-0.204301,1,-0.760397,-1
00002,-1,0.483871,0.62963,0.757576,0.414634,0.473684,0.979798,0.757576,-0.485714,-0.204301,1,-0.760397,-1
00002,-1,0.129032,0.62963,0.757576,0.414634,0.473684,0.979798,0.757576,-0.485714,-0.225806,1,-0.760397,-1
00002,-1,0.193548,0.62963,0.757576,0.414634,0.473684,0.979798,0.757576,-0.542857,-0.204301,1,-0.759452,-1
00002,-1,0.193548,0.62963,0.757576,0.414634,0.473684,0.979798,0.757576,-0.485714,-0.225806,1,-0.759452,-1
00002,-1,0.258065,0.62963,0.757576,0.414634,0.473684,0.979798,0.757576,-0.485714,-0.204301,1,-0.759452,-1
00002,-1,0.290323,0.62963,0.757576,0.414634,0.473684,0.979798,0.757576,-0.485714,-0.204301,1,-0.759452,-1
00002,-1,0.290323,0.62963,0.757576,0.414634,0.473684,0.979798,0.757576,-0.485714,-0.225806,1,-0.759452,-1
00002,-1,0.290323,0.62963,0.757576,0.414634,0.473684,0.979798,0.757576,-0.485714,-0.247312,1,-0.759452,-1
00002,-1,0.322581,0.62963,0.757576,0.414634,0.473684,0.979798,0.757576,-0.485714,-0.247312,1,-0.759452,-1
00002,-1,0.322581,0.62963,0.757576,0.414634,0.473684,0.979798,0.757576,-0.542857,-0.268817,1,-0.759452,-1
00002,-1,0.354839,0.62963,0.757576,0.414634,0.473684,0.979798,0.757576,-0.542857,-0.268817,1,-0.759452,-1
00002,-1,0.354839,0.62963,0.757576,0.414634,0.473684,0.979798,0.757576,-0.485714,-0.268817,1,-0.759452,-1
00002,-1,0.387097,0.62963,0.757576,0.414634,0.473684,0.979798,0.757576,-0.542857,-0.247312,1,-0.759452,-1
00002,-1,0.096774,0.62963,0.757576,0.414634,0.473684,0.979798,0.757576,-0.485714,-0.311828,1,-0.759452,-1
00002,-1,0.193548,0.62963,0.757576,0.414634,0.473684,0.979798,0.757576,-0.485714,-0.333333,1,-0.759452,-1
00002,-1,0.258065,0.62963,0.757576,0.414634,0.473684,0.979798,0.757576,-0.485714,-0.333333,1,-0.759452,-1
00002,-1,0.290323,0.62963,0.757576,0.414634,0.473684,0.979798,0.757576,-0.485714,-0.333333,1,-0.758979,-1
00002,-1,0.290323,0.62963,0.757576,0.414634,0.473684,0.979798,0.757576,-0.485714,-0.376344,1,-0.758979,-1
00002,-1,0.354839,0.62963,0.757576,0.414634,0.473684,0.979798,0.757576,-0.485714,-0.333333,1,-0.758979,-1
00002,-1,0.290323,0.62963,0.757576,0.414634,0.473684,0.979798,0.757576,-0.485714,-0.333333,1,-0.758507,-1
00002,-1,0.290323,0.62963,0.757576,0.414634,0.473684,0.979798,0.757576,-0.485714,-0.354839,1,-0.758507,-1
00002,-1,0.290323,0.62963,0.757576,0.414634,0.473684,0.979798,0.757576,-0.542857,-0.354839,1,-0.758507,-1
00002,-1,0.322581,0.62963,0.757576,0.414634,0.473684,0.979798,0.757576,-0.542857,-0.354839,1,-0.758507,-1
00002,-1,0.354839,0.62963,0.757576,0.414634,0.473684,0.979798,0.757576,-0.542857,-0.333333,1,-0.758507,-1
00002,-1,0.354839,0.62963,0.757576,0.414634,0.473684,0.979798,0.757576,-0.428571,-0.333333,1,-0.758507,-1
00002,-1,0.290323,0.62963,0.757576,0.414634,0.473684,0.979798,0.757576,-0.485714,-0.354839,1,-0.758034,-1
00002,-1,0.032258,0.62963,0.757576,0.414634,0.473684,0.979798,0.757576,-0.485714,-0.354839,1,-0.757561,-1
00002,-1,0.16129,0.62963,0.757576,0.414634,0.473684,0.979798,0.757576,-0.485714,-0.354839,1,-0.757561,-1
00002,-1,0.258065,0.62963,0.757576,0.414634,0.473684,0.979798,0.757576,-0.485714,-0.333333,1,-0.751418,-1
00002,-1,0.290323,0.62963,0.757576,0.414634,0.473684,0.979798,0.757576,-0.485714,-0.354839,1,-0.749527,-1
00002,-1,0.290323,0.62963,0.737374,0.414634,0.473684,0.979798,0.757576,-0.485714,-0.376344,1,-0.729206,-1
00002,-1,0.322581,0.62963,0.717172,0.414634,0.473684,0.979798,0.757576,-0.485714,-0.376344,1,-0.712665,-1
00002,-1,0.387097,0.62963,0.656566,0.414634,0.473684,0.979798,0.757576,-0.485714,-0.354839,1,-0.65879,-1
00002,-1,0.387097,0.62963,0.656566,0.414634,0.473684,0.979798,0.757576,-0.485714,-0.354839,1,-0.65879,-1
00002,-1,0.419355,0.62963,0.656566,0.414634,0.473684,0.979798,0.757576,-0.542857,-0.354839,1,-0.65879,-1
00002,-1,0.129032,0.62963,0.656566,0.414634,0.473684,0.979798,0.757576,-0.542857,-0.225806,1,-0.65879,-1
00002,-1,0.193548,0.62963,0.656566,0.414634,0.473684,0.979798,0.757576,-0.485714,-0.204301,1,-0.65879,-1
00002,-1,0.225806,0.62963,0.656566,0.414634,0.473684,0.979798,0.757576,-0.542857,-0.225806,1,-0.65879,-1
00002,-1,0.258065,0.62963,0.656566,0.414634,0.473684,0.979798,0.757576,-0.485714,-0.204301,1,-0.65879,-1
00002,-1,0.290323,0.62963,0.656566,0.414634,0.473684,0.979798,0.757576,-0.485714,-0.182796,1,-0.65879,-1
00002,-1,0.290323,0.62963,0.656566,0.414634,0.473684,0.979798,0.757576,-0.428571,-0.204301,1,-0.65879,-1
00002,-1,0.322581,0.62963,0.656566,0.414634,0.473684,0.979798,0.757576,-0.485714,-0.204301,1,-0.65879,-1
00002,-1,0.354839,0.62963,0.656566,0.414634,0.473684,0.979798,0.757576,-0.485714,-0.204301,1,-0.65879,-1
00002,-1,0.387097,0.62963,0.656566,0.414634,0.473684,0.979798,0.757576,-0.542857,-0.182796,1,-0.65879,-1
00002,-1,0.387097,0.62963,0.656566,0.414634,0.473684,0.979798,0.757576,-0.542857,-0.182796,1,-0.65879,-1
00002,-1,0.387097,0.62963,0.656566,0.414634,0.473684,0.979798,0.757576,-0.485714,-0.204301,1,-0.65879,-1
00002,-1,0.451613,0.62963,0.656566,0.414634,0.473684,0.979798,0.757576,-0.485714,-0.182796,1,-0.65879,-1
00002,-1,-0.096774,0.62963,0.656566,0.414634,0.473684,0.979798,0.757576,-0.542857,-0.182796,1,-0.65879,-1
00002,-1,0.193548,0.62963,0.656566,0.414634,0.473684,0.979798,0.757576,-0.542857,-0.204301,1,-0.65879,-1
00002,-1,0.258065,0.62963,0.656566,0.414634,0.473684,0.979798,0.757576,-0.485714,-0.204301,1,-0.65879,-1
00002,-1,0.290323,0.62963,0.656566,0.414634,0.473684,0.979798,0.757576,-0.485714,-0.182796,1,-0.65879,-1
00002,-1,0.322581,0.62963,0.656566,0.414634,0.473684,0.979798,0.757576,-0.485714,-0.204301,1,-0.65879,-1
00002,-1,0.354839,0.62963,0.656566,0.414634,0.473684,0.979798,0.757576,-0.542857,-0.204301,1,-0.65879,-1
00002,-1,0.354839,0.62963,0.656566,0.414634,0.473684,0.979798,0.757576,-0.485714,-0.204301,1,-0.65879,-1
00002,-1,0.387097,0.62963,0.656566,0.414634,0.473684,0.979798,0.757576,-0.485714,-0.182796,1,-0.65879,-1
00002,-1,0.387097,0.62963,0.656566,0.414634,0.473684,0.979798,0.757576,-0.542857,-0.204301,1,-0.65879,-1
00002,-1,0.419355,0.62963,0.656566,0.414634,0.473684,0.979798,0.757576,-0.485714,-0.182796,1,-0.65879,-1
00002,-1,0.419355,0.62963,0.656566,0.414634,0.473684,0.979798,0.757576,-0.542857,-0.204301,1,-0.65879,-1
00002,-1,0.419355,0.62963,0.656566,0.414634,0.473684,0.979798,0.757576,-0.542857,-0.204301,1,-0.65879,-1
00002,-1,0.451613,0.62963,0.656566,0.414634,0.473684,0.979798,0.757576,-0.542857,-0.204301,1,-0.65879,-1
00002,-1,0.451613,0.62963,0.656566,0.414634,0.473684,0.979798,0.757576,-0.542857,-0.204301,1,-0.65879,-1
00002,-1,0.483871,0.62963,0.656566,0.414634,0.473684,0.979798,0.757576,-0.485714,-0.182796,1,-0.658318,-1
00002,-1,0.064516,0.62963,0.656566,0.414634,0.473684,0.979798,0.757576,-0.542857,-0.204301,1,-0.658318,-1
00002,-1,0.129032,0.62963,0.656566,0.414634,0.473684,0.979798,0.757576,-0.542857,-0.225806,1,-0.658318,-1
00002,-1,0.193548,0.62963,0.656566,0.414634,0.473684,0.979798,0.757576,-0.542857,-0.225806,1,-0.658318,-1
00002,-1,0.290323,0.62963,0.656566,0.414634,0.473684,0.979798,0.757576,-0.485714,-0.182796,1,-0.658318,-1
00002,-1,0.290323,0.62963,0.656566,0.414634,0.473684,0.979798,0.757576,-0.485714,-0.225806,1,-0.658318,-1
00002,-1,0.322581,0.62963,0.656566,0.414634,0.473684,0.979798,0.757576,-0.485714,-0.225806,1,-0.658318,-1
00002,-1,0.387097,0.62963,0.656566,0.414634,0.473684,0.979798,0.757576,-0.485714,-0.204301,1,-0.658318,-1
00002,-1,0.387097,0.62963,0.656566,0.414634,0.473684,0.979798,0.757576,-0.485714,-0.204301,1,-0.658318,-1
00002,-1,0.387097,0.62963,0.656566,0.414634,0.473684,0.979798,0.757576,-0.485714,-0.225806,1,-0.658318,-1
00002,-1,0.419355,0.62963,0.656566,0.414634,0.473684,0.979798,0.757576,-0.542857,-0.225806,1,-0.658318,-1
00002,-1,0.451613,0.62963,0.656566,0.414634,0.473684,0.979798,0.757576,-0.542857,-0.204301,1,-0.658318,-1
00002,-1,0.451613,0.62963,0.656566,0.414634,0.473684,0.979798,0.757576,-0.542857,-0.204301,1,-0.658318,-1
00002,-1,0.032258,0.62963,0.656566,0.414634,0.473684,0.979798,0.757576,-0.485714,-0.225806,1,-0.658318,-1
00002,-1,0.193548,0.62963,0.656566,0.414634,0.473684,0.979798,0.757576,-0.485714,-0.204301,1,-0.658318,-1
00002,-1,0.290323,0.62963,0.656566,0.414634,0.473684,0.979798,0.757576,-0.542857,-0.204301,1,-0.658318,-1
00002,-1,0.290323,0.62963,0.656566,0.414634,0.473684,0.979798,0.757576,-0.485714,-0.225806,1,-0.658318,-1
00002,-1,0.322581,0.62963,0.656566,0.414634,0.473684,0.979798,0.757576,-0.485714,-0.225806,1,-0.658318,-1
00002,-1,0.354839,0.62963,0.656566,0.414634,0.473684,0.979798,0.757576,-0.485714,-0.204301,1,-0.658318,-1
00002,-1,0.387097,0.62963,0.656566,0.414634,0.473684,0.979798,0.757576,-0.485714,-0.204301,1,-0.658318,-1
00002,-1,0.387097,0.62963,0.656566,0.414634,0.473684,0.979798,0.757576,-0.485714,-0.204301,1,-0.658318,-1
00002,-1,0.419355,0.62963,0.656566,0.414634,0.473684,0.979798,0.757576,-0.542857,-0.204301,1,-0.658318,-1
00002,-1,0.451613,0.62963,0.656566,0.414634,0.473684,0.979798,0.757576,-0.542857,-0.204301,1,-0.658318,-1
00002,-1,0.451613,0.62963,0.656566,0.414634,0.473684,0.979798,0.757576,-0.542857,-0.204301,1,-0.658318,-1
00002,-1,0.483871,0.62963,0.656566,0.414634,0.473684,0.979798,0.757576,-0.542857,-0.182796,1,-0.658318,-1
00002,-1,0.16129,0.62963,0.656566,0.414634,0.473684,0.979798,0.757576,-0.542857,-0.204301,1,-0.658318,-1
00002,-1,0.193548,0.62963,0.656566,0.414634,0.473684,0.979798,0.757576,-0.485714,-0.182796,1,-0.658318,-1
00002,-1,0.225806,0.62963,0.656566,0.414634,0.473684,0.979798,0.757576,-0.485714,-0.204301,1,-0.658318,-1
00002,-1,0.258065,0.62963,0.656566,0.414634,0.473684,0.979798,0.757576,-0.485714,-0.204301,1,-0.658318,-1
00002,-1,0.290323,0.62963,0.656566,0.414634,0.473684,0.979798,0.757576,-0.485714,-0.182796,1,-0.658318,-1
00002,-1,0.322581,0.62963,0.656566,0.414634,0.473684,0.979798,0.757576,-0.485714,-0.182796,1,-0.658318,-1
00002,-1,0.354839,0.62963,0.656566,0.414634,0.473684,0.979798,0.757576,-0.485714,-0.204301,1,-0.658318,-1
00002,-1,0.387097,0.62963,0.656566,0.414634,0.473684,0.979798,0.757576,-0.485714,-0.182796,1,-0.658318,-1
00002,-1,0.387097,0.62963,0.656566,0.414634,0.473684,0.979798,0.757576,-0.485714,-0.204301,1,-0.658318,-1
00002,-1,0.419355,0.62963,0.656566,0.414634,0.473684,0.979798,0.757576,-0.485714,-0.204301,1,-0.658318,-1
00002,-1,0.451613,0.62963,0.656566,0.414634,0.473684,0.979798,0.757576,-0.542857,-0.204301,1,-0.658318,-1
00002,-1,0.451613,0.62963,0.656566,0.414634,0.473684,0.979798,0.757576,-0.542857,-0.204301,1,-0.658318,-1
00002,-1,0,0.62963,0.656566,0.414634,0.473684,0.979798,0.757576,-0.485714,-0.225806,1,-0.658318,-1
00002,-1,0.193548,0.62963,0.656566,0.414634,0.473684,0.979798,0.757576,-0.485714,-0.182796,1,-0.658318,-1
00002,-1,0.225806,0.62963,0.656566,0.414634,0.473684,0.979798,0.757576,-0.485714,-0.204301,1,-0.658318,-1
00002,-1,0.322581,0.62963,0.656566,0.414634,0.473684,0.979798,0.757576,-0.542857,-0.225806,1,-0.658318,-1
00002,-1,0.354839,0.62963,0.656566,0.414634,0.473684,0.979798,0.757576,-0.542857,-0.204301,1,-0.658318,-1
00002,-1,0.387097,0.62963,0.656566,0.414634,0.473684,0.979798,0.757576,-0.485714,-0.204301,1,-0.658318,-1
00002,-1,0.387097,0.62963,0.656566,0.414634,0.473684,0.979798,0.757576,-0.485714,-0.204301,1,-0.658318,-1
00002,-1,0.419355,0.62963,0.656566,0.414634,0.473684,0.979798,0.757576,-0.485714,-0.204301,1,-0.658318,-1
00002,-1,0.419355,0.62963,0.656566,0.414634,0.473684,0.979798,0.757576,-0.485714,-0.225806,1,-0.658318,-1
00002,-1,0.451613,0.62963,0.656566,0.414634,0.473684,0.979798,0.757576,-0.485714,-0.204301,1,-0.658318,-1
00002,-1,0.451613,0.62963,0.656566,0.414634,0.473684,0.979798,0.757576,-0.485714,-0.225806,1,-0.658318,-1
00002,-1,0.451613,0.62963,0.656566,0.414634,0.473684,0.979798,0.757576,-0.542857,-0.247312,1,-0.658318,-1
00002,-1,0.096774,0.62963,0.656566,0.414634,0.473684,0.979798,0.757576,-0.542857,-0.268817,1,-0.658318,-1
00002,-1,0.16129,0.62963,0.656566,0.414634,0.473684,0.979798,0.757576,-0.428571,-0.333333,1,-0.658318,-1
00002,-1,0.193548,0.62963,0.656566,0.414634,0.473684,0.979798,0.757576,-0.428571,-0.333333,1,-0.658318,-1
00002,-1,0.225806,0.62963,0.656566,0.414634,0.473684,0.979798,0.757576,-0.428571,-0.354839,1,-0.658318,-1
00002,-1,0.290323,0.62963,0.656566,0.414634,0.473684,0.979798,0.757576,-0.542857,-0.333333,1,-0.658318,-1
00002,-1,0.290323,0.62963,0.656566,0.414634,0.473684,0.979798,0.757576,-0.485714,-0.376344,1,-0.658318,-1
00002,-1,0.354839,0.62963,0.656566,0.414634,0.473684,0.979798,0.757576,-0.485714,-0.333333,1,-0.658318,-1
00002,-1,0.387097,0.62963,0.656566,0.414634,0.473684,0.979798,0.757576,-0.485714,-0.333333,1,-0.658318,-1
00002,-1,0.387097,0.62963,0.656566,0.414634,0.473684,0.979798,0.757576,-0.485714,-0.354839,1,-0.658318,-1
00002,-1,0.387097,0.62963,0.656566,0.414634,0.473684,0.979798,0.757576,-0.485714,-0.354839,1,-0.658318,-1
00002,-1,0.419355,0.62963,0.656566,0.414634,0.473684,0.979798,0.757576,-0.485714,-0.354839,1,-0.658318,-1
00002,-1,0.419355,0.62963,0.656566,0.414634,0.473684,0.979798,0.757576,-0.542857,-0.354839,1,-0.658318,-1
00002,-1,0.419355,0.62963,0.656566,0.414634,0.473684,0.979798,0.757576,-0.542857,-0.354839,1,-0.658318,-1
00002,-1,0.451613,0.62963,0.656566,0.414634,0.473684,0.979798,0.757576,-0.485714,-0.354839,1,-0.658318,-1
00002,-1,0.451613,0.62963,0.656566,0.414634,0.473684,0.979798,0.757576,-0.485714,-0.354839,1,-0.658318,-1
00002,-1,0.483871,0.62963,0.656566,0.414634,0.473684,0.979798,0.757576,-0.485714,-0.333333,1,-0.658318,-1
00002,-1,0.064516,0.62963,0.656566,0.414634,0.473684,0.979798,0.757576,-0.485714,-0.333333,1,-0.658318,-1
00002,-1,0.16129,0.62963,0.656566,0.414634,0.473684,0.959596,0.757576,-0.485714,-0.376344,1,-0.657372,-1
00002,-1,0.193548,0.62963,0.656566,0.414634,0.473684,0.959596,0.757576,-0.485714,-0.397849,1,-0.651701,-1
00002,-1,0.225806,0.62963,0.636364,0.414634,0.473684,0.959596,0.757576,-0.485714,-0.397849,1,-0.648866,-1
00002,-1,0.193548,0.62963,0.636364,0.414634,0.473684,0.939394,0.757576,-0.485714,-0.376344,1,-0.644612,-1
00002,-1,-0.129032,0.62963,0.59596,0.414634,0.473684,0.838384,0.757576,-0.485714,-0.354839,1,-0.601607,-1
00002,-1,-0.096774,0.62963,0.575758,0.414634,0.473684,0.838384,0.757576,-0.542857,-0.354839,1,-0.578923,-1
00002,-1,-0.096774,0.62963,0.535354,0.414634,0.473684,0.838384,0.757576,-0.485714,-0.354839,1,-0.543006,-1
00002,-1,-0.096774,0.62963,0.454545,0.414634,0.473684,0.838384,0.757576,-0.542857,-0.376344,1,-0.465028,-1
00002,-1,-0.064516,0.62963,0.454545,0.414634,0.473684,0.838384,0.757576,-0.542857,-0.354839,1,-0.465028,-1
00002,-1,-0.032258,0.62963,0.454545,0.414634,0.473684,0.838384,0.757576,-0.485714,-0.333333,1,-0.465028,-1
00002,-1,-0.032258,0.62963,0.454545,0.414634,0.473684,0.838384,0.757576,-0.485714,-0.333333,1,-0.464556,-1
00002,-1,0,0.62963,0.454545,0.414634,0.473684,0.838384,0.757576,-0.485714,-0.311828,1,-0.464556,-1
00002,-1,-0.032258,0.62963,0.454545,0.414634,0.473684,0.838384,0.757576,-0.485714,-0.204301,1,-0.464556,-1
00002,-1,0.096774,0.62963,0.454545,0.414634,0.473684,0.838384,0.757576,-0.485714,-0.225806,1,-0.464556,-1
00002,-1,0.16129,0.62963,0.454545,0.414634,0.473684,0.838384,0.757576,-0.485714,-0.204301,1,-0.464556,-1
00002,-1,0.193548,0.62963,0.454545,0.414634,0.473684,0.838384,0.757576,-0.485714,-0.204301,1,-0.464556,-1
00002,-1,0.225806,0.62963,0.454545,0.414634,0.473684,0.838384,0.757576,-0.485714,-0.225806,1,-0.464556,-1
00002,-1,0.258065,0.62963,0.454545,0.414634,0.473684,0.838384,0.757576,-0.485714,-0.204301,1,-0.464556,-1
00002,-1,0.290323,0.62963,0.454545,0.414634,0.473684,0.818182,0.757576,-0.542857,-0.182796,1,-0.464556,-1
00002,-1,0.225806,0.62963,0.454545,0.414634,0.473684,0.818182,0.757576,-0.542857,-0.225806,1,-0.464083,-1
00002,-1,0.225806,0.62963,0.454545,0.414634,0.473684,0.818182,0.757576,-0.542857,-0.225806,1,-0.464083,-1
00002,-1,0.258065,0.62963,0.454545,0.414634,0.473684,0.818182,0.757576,-0.485714,-0.204301,1,-0.464083,-1
00002,-1,0.258065,0.62963,0.454545,0.414634,0.473684,0.818182,0.757576,-0.485714,-0.204301,1,-0.464083,-1
00002,-1,0.290323,0.62963,0.454545,0.414634,0.473684,0.818182,0.757576,-0.485714,-0.182796,1,-0.464083,-1
00002,-1,0.290323,0.62963,0.454545,0.414634,0.473684,0.818182,0.757576,-0.485714,-0.204301,1,-0.464083,-1
00002,-1,0.290323,0.62963,0.454545,0.414634,0.473684,0.818182,0.757576,-0.485714,-0.204301,1,-0.464083,-1
00002,-1,0.290323,0.62963,0.454545,0.414634,0.473684,0.818182,0.757576,-0.485714,-0.204301,1,-0.464083,-1
00002,-1,0.290323,0.62963,0.454545,0.414634,0.473684,0.818182,0.757576,-0.542857,-0.225806,1,-0.464083,-1
00002,-1,0.322581,0.62963,0.454545,0.414634,0.473684,0.818182,0.757576,-0.542857,-0.204301,1,-0.464083,-1
00002,-1,0.322581,0.62963,0.454545,0.414634,0.473684,0.818182,0.757576,-0.485714,-0.225806,1,-0.464083,-1
00002,-1,0.354839,0.62963,0.454545,0.414634,0.473684,0.818182,0.757576,-0.485714,-0.204301,1,-0.464083,-1
00002,-1,0.354839,0.62963,0.454545,0.414634,0.473684,0.818182,0.757576,-0.542857,-0.204301,1,-0.464083,-1
00002,-1,0.387097,0.62963,0.454545,0.414634,0.473684,0.818182,0.757576,-0.542857,-0.182796,1,-0.464083,-1
00002,-1,-0.096774,0.62963,0.454545,0.414634,0.473684,0.818182,0.757576,-0.542857,-0.225806,1,-0.463611,-1
00002,-1,0.032258,0.62963,0.454545,0.414634,0.473684,0.818182,0.757576,-0.485714,-0.225806,1,-0.463611,-1
00002,-1,0.032258,0.62963,0.454545,0.414634,0.473684,0.818182,0.757576,-0.485714,-0.204301,1,-0.462665,-1
00002,-1,0.032258,0.62963,0.454545,0.414634,0.473684,0.818182,0.757576,-0.542857,-0.225806,1,-0.46172,-1
00002,-1,0.096774,0.62963,0.454545,0.414634,0.473684,0.818182,0.757576,-0.542857,-0.204301,1,-0.46172,-1
00002,-1,0.129032,0.62963,0.454545,0.414634,0.473684,0.818182,0.757576,-0.485714,-0.204301,1,-0.46172,-1
00002,-1,0.129032,0.62963,0.454545,0.414634,0.473684,0.818182,0.757576,-0.485714,-0.225806,1,-0.46172,-1
00002,-1,0.16129,0.62963,0.454545,0.414634,0.473684,0.818182,0.757576,-0.485714,-0.204301,1,-0.461248,-1
00002,-1,0.16129,0.62963,0.454545,0.414634,0.473684,0.818182,0.757576,-0.485714,-0.204301,1,-0.461248,-1
00002,-1,0.193548,0.62963,0.454545,0.414634,0.473684,0.818182,0.757576,-0.485714,-0.182796,1,-0.461248,-1
00002,-1,0.193548,0.62963,0.454545,0.414634,0.473684,0.818182,0.757576,-0.542857,-0.204301,1,-0.461248,-1
00002,-1,0.193548,0.62963,0.454545,0.414634,0.473684,0.818182,0.757576,-0.542857,-0.204301,1,-0.461248,-1
00002,-1,0.193548,0.62963,0.454545,0.414634,0.473684,0.818182,0.757576,-0.542857,-0.225806,1,-0.461248,-1
00002,-1,0.225806,0.62963,0.454545,0.414634,0.473684,0.818182,0.757576,-0.485714,-0.204301,1,-0.461248,-1
00002,-1,0.258065,0.62963,0.454545,0.414634,0.473684,0.818182,0.757576,-0.485714,-0.204301,1,-0.461248,-1
00002,-1,0.193548,0.62963,0.454545,0.414634,0.473684,0.818182,0.757576,-0.485714,-0.182796,1,-0.461248,-1
00002,-1,0.258065,0.62963,0.454545,0.414634,0.473684,0.818182,0.757576,-0.485714,-0.204301,1,-0.461248,-1
00002,-1,0.387097,0.62963,0.454545,0.414634,0.473684,0.818182,0.757576,-0.428571,-0.182796,1,-0.460775,-1
00002,-1,0.387097,0.62963,0.454545,0.414634,0.473684,0.818182,0.757576,-0.485714,-0.204301,1,-0.460775,-1
00002,-1,0.419355,0.62963,0.454545,0.414634,0.473684,0.818182,0.757576,-0.485714,-0.204301,1,-0.460775,-1
00002,-1,0.419355,0.62963,0.454545,0.414634,0.473684,0.818182,0.757576,-0.485714,-0.204301,1,-0.460775,-1
00002,-1,0.451613,0.62963,0.454545,0.414634,0.473684,0.818182,0.757576,-0.485714,-0.204301,1,-0.460775,-1
00002,-1,-0.096774,0.62963,0.454545,0.414634,0.473684,0.818182,0.757576,-0.542857,-0.204301,1,-0.460775,-1
00002,-1,0.129032,0.62963,0.454545,0.414634,0.473684,0.818182,0.757576,-0.542857,-0.204301,1,-0.460775,-1
00002,-1,0.225806,0.62963,0.454545,0.414634,0.473684,0.818182,0.757576,-0.542857,-0.225806,1,-0.460775,-1
00002,-1,0.290323,0.62963,0.454545,0.414634,0.473684,0.818182,0.757576,-0.485714,-0.204301,1,-0.460775,-1
00002,-1,0.322581,0.62963,0.454545,0.414634,0.473684,0.818182,0.757576,-0.485714,-0.225806,1,-0.460775,-1
00002,-1,0.387097,0.62963,0.454545,0.414634,0.473684,0.818182,0.757576,-0.485714,-0.182796,1,-0.460775,-1
00002,-1,0.387097,0.62963,0.454545,0.414634,0.473684,0.818182,0.757576,-0.428571,-0.182796,1,-0.460775,-1
00002,-1,0.387097,0.62963,0.454545,0.414634,0.473684,0.818182,0.757576,-0.485714,-0.204301,1,-0.460775,-1
00002,-1,0.387097,0.62963,0.454545,0.414634,0.473684,0.818182,0.757576,-0.485714,-0.204301,1,-0.460775,-1
00002,-1,0.419355,0.62963,0.454545,0.414634,0.473684,0.818182,0.757576,-0.485714,-0.204301,1,-0.460775,-1
00002,-1,0.451613,0.62963,0.454545,0.414634,0.473684,0.818182,0.757576,-0.485714,-0.204301,1,-0.460775,-1
00002,-1,0.451613,0.62963,0.454545,0.414634,0.473684,0.818182,0.757576,-0.485714,-0.204301,1,-0.460775,-1
00002,-1,0.483871,0.62963,0.454545,0.414634,0.473684,0.818182,0.757576,-0.485714,-0.182796,1,-0.460775,-1
00002,-1,-0.032258,0.62963,0.454545,0.414634,0.473684,0.818182,0.757576,-0.542857,-0.204301,1,-0.460775,-1
00002,-1,0.193548,0.62963,0.454545,0.414634,0.473684,0.818182,0.757576,-0.542857,-0.204301,1,-0.460775,-1
00002,-1,0.290323,0.62963,0.454545,0.414634,0.473684,0.818182,0.757576,-0.542857,-0.182796,1,-0.460775,-1
00002,-1,0.290323,0.62963,0.454545,0.414634,0.473684,0.818182,0.757576,-0.542857,-0.204301,1,-0.460775,-1
00002,-1,0.322581,0.62963,0.454545,0.414634,0.473684,0.818182,0.757576,-0.542857,-0.204301,1,-0.460775,-1
00002,-1,0.354839,0.62963,0.454545,0.414634,0.473684,0.818182,0.757576,-0.542857,-0.204301,1,-0.460775,-1
00002,-1,0.387097,0.62963,0.454545,0.414634,0.473684,0.818182,0.757576,-0.485714,-0.182796,1,-0.460775,-1
00002,-1,0.387097,0.62963,0.454545,0.414634,0.473684,0.818182,0.757576,-0.485714,-0.204301,1,-0.460775,-1
00002,-1,0.387097,0.62963,0.454545,0.414634,0.473684,0.818182,0.757576,-0.485714,-0.204301,1,-0.460775,-1
00002,-1,0.419355,0.62963,0.454545,0.414634,0.473684,0.818182,0.757576,-0.485714,-0.204301,1,-0.460775,-1
00002,-1,0.451613,0.62963,0.454545,0.414634,0.473684,0.818182,0.757576,-0.485714,-0.204301,1,-0.460775,-1
00002,-1,0.193548,0.62963,0.454545,0.414634,0.473684,0.818182,0.757576,-0.485714,-0.204301,1,-0.460775,-1
00002,-1,0.322581,0.62963,0.454545,0.414634,0.473684,0.818182,0.757576,-0.485714,-0.225806,1,-0.460775,-1
00002,-1,0.354839,0.62963,0.454545,0.414634,0.473684,0.818182,0.757576,-0.542857,-0.247312,1,-0.460775,-1
00002,-1,0.387097,0.62963,0.454545,0.414634,0.473684,0.818182,0.757576,-0.542857,-0.247312,1,-0.460775,-1
00002,-1,0.419355,0.62963,0.454545,0.414634,0.473684,0.818182,0.757576,-0.485714,-0.247312,1,-0.460775,-1
00002,-1,0.419355,0.62963,0.454545,0.414634,0.473684,0.818182,0.757576,-0.485714,-0.268817,1,-0.460775,-1
00002,-1,0.451613,0.62963,0.454545,0.414634,0.473684,0.818182,0.757576,-0.542857,-0.268817,1,-0.460775,-1
00002,-1,0.451613,0.62963,0.454545,0.414634,0.473684,0.818182,0.757576,-0.542857,-0.268817,1,-0.460775,-1
00002,-1,0.483871,0.62963,0.454545,0.414634,0.473684,0.818182,0.757576,-0.485714,-0.268817,1,-0.460775,-1
00002,-1,0.064516,0.62963,0.454545,0.414634,0.473684,0.818182,0.757576,-0.485714,-0.333333,1,-0.460775,-1
00002,-1,0.258065,0.62963,0.454545,0.414634,0.473684,0.818182,0.757576,-0.542857,-0.268817,1,-0.460775,-1
00002,-1,0.290323,0.62963,0.454545,0.414634,0.473684,0.818182,0.757576,-0.542857,-0.311828,1,-0.460775,-1
00002,-1,0.322581,0.62963,0.454545,0.414634,0.473684,0.818182,0.757576,-0.485714,-0.290323,1,-0.460775,-1
00002,-1,0.387097,0.62963,0.454545,0.414634,0.473684,0.818182,0.757576,-0.485714,-0.290323,1,-0.460775,-1
00002,-1,0.387097,0.62963,0.454545,0.414634,0.473684,0.818182,0.757576,-0.485714,-0.311828,1,-0.460775,-1
00002,-1,0.387097,0.62963,0.454545,0.414634,0.473684,0.818182,0.757576,-0.485714,-0.311828,1,-0.460775,-1
00002,-1,0.387097,0.62963,0.454545,0.414634,0.473684,0.818182,0.757576,-0.485714,-0.333333,1,-0.460775,-1
00002,-1,0.419355,0.62963,0.454545,0.414634,0.473684,0.818182,0.757576,-0.542857,-0.333333,1,-0.460775,-1
00002,-1,0.419355,0.62963,0.454545,0.414634,0.473684,0.818182,0.757576,-0.542857,-0.354839,1,-0.460775,-1
00002,-1,0.419355,0.62963,0.454545,0.414634,0.473684,0.818182,0.757576,-0.542857,-0.354839,1,-0.460775,-1
00002,-1,0.451613,0.62963,0.454545,0.414634,0.473684,0.818182,0.757576,-0.542857,-0.333333,1,-0.460302,-1
00002,-1,0.451613,0.62963,0.454545,0.414634,0.473684,0.818182,0.757576,-0.485714,-0.333333,1,-0.460302,-1
00002,-1,0.483871,0.62963,0.454545,0.414634,0.473684,0.818182,0.757576,-0.485714,-0.333333,1,-0.45983,-1
00002,-1,0.096774,0.62963,0.454545,0.414634,0.473684,0.818182,0.757576,-0.485714,-0.376344,1,-0.458885,-1
00002,-1,0.225806,0.62963,0.454545,0.414634,0.473684,0.818182,0.757576,-0.485714,-0.333333,1,-0.458885,-1
00002,-1,0.258065,0.62963,0.434343,0.414634,0.473684,0.818182,0.757576,-0.485714,-0.354839,1,-0.451796,-1
05750,1,0.419355,0.555556,1,0.536585,0.157895,1,0.676768,-0.714286,-0.225806,1,-0.999527,-1
05750,1,0.451613,0.555556,1,0.536585,0.157895,1,0.676768,-0.714286,-0.204301,1,-0.999527,-1
05750,1,0.451613,0.555556,1,0.536585,0.157895,1,0.676768,-0.714286,-0.225806,1,-0.999527,-1
05750,1,0,0.555556,1,0.536585,0.157895,1,0.676768,-0.657143,-0.268817,1,-0.999527,-1
05750,1,0.193548,0.555556,1,0.536585,0.157895,1,0.676768,-0.657143,-0.204301,1,-0.999527,-1
05750,1,0.290323,0.555556,1,0.536585,0.157895,1,0.676768,-0.6,-0.182796,1,-0.999527,-1
05750,1,0.290323,0.555556,1,0.536585,0.157895,1,0.676768,-0.657143,-0.204301,1,-0.999527,-1
05750,1,0.322581,0.555556,1,0.536585,0.157895,1,0.676768,-0.657143,-0.225806,1,-0.999527,-1
05750,1,0.387097,0.555556,1,0.536585,0.157895,1,0.676768,-0.657143,-0.182796,1,-0.999527,-1
05750,1,0.419355,0.555556,1,0.536585,0.157895,1,0.676768,-0.657143,-0.182796,1,-0.999527,-1
05750,1,-0.096774,0.555556,1,0.536585,0.157895,1,0.676768,-0.714286,-0.11828,1,-0.999527,-1
05750,1,0.290323,0.555556,1,0.536585,0.157895,1,0.676768,-0.657143,-0.139785,1,-0.999527,-1
05750,1,0.354839,0.555556,1,0.536585,0.157895,1,0.676768,-0.714286,-0.139785,1,-0.999527,-1
05750,1,0.387097,0.555556,1,0.536585,0.157895,1,0.676768,-0.714286,-0.139785,1,-0.999527,-1
05750,1,0.419355,0.555556,1,0.536585,0.157895,1,0.676768,-0.714286,-0.139785,1,-0.999527,-1
05750,1,0.096774,0.555556,1,0.536585,0.157895,1,0.676768,-0.714286,-0.053763,1,-0.999527,-1
05750,1,0.193548,0.555556,1,0.536585,0.157895,1,0.676768,-0.714286,-0.053763,1,-0.999527,-1
05750,1,0.258065,0.555556,1,0.536585,0.157895,1,0.676768,-0.714286,-0.053763,1,-0.999527,-1
05750,1,0.290323,0.555556,1,0.536585,0.157895,1,0.676768,-0.657143,-0.053763,1,-0.999527,-1
05750,1,0.322581,0.555556,1,0.536585,0.157895,1,0.676768,-0.657143,-0.053763,1,-0.999527,-1
05750,1,0.322581,0.555556,1,0.536585,0.157895,1,0.676768,-0.657143,-0.075269,1,-0.999527,-1
05750,1,0.354839,0.555556,1,0.536585,0.157895,1,0.676768,-0.542857,-0.075269,1,-0.999527,-1
05750,1,0.387097,0.555556,1,0.536585,0.157895,1,0.676768,-0.714286,-0.053763,1,-0.999527,-1
05750,1,0.387097,0.555556,1,0.536585,0.157895,1,0.676768,-0.714286,-0.053763,1,-0.999527,-1
05750,1,0.387097,0.555556,1,0.536585,0.157895,1,0.676768,-0.714286,-0.053763,1,-0.999527,-1
05750,1,0.387097,0.555556,1,0.536585,0.157895,1,0.676768,-0.542857,-0.075269,1,-0.999527,-1
05750,1,0.419355,0.555556,1,0.536585,0.157895,1,0.676768,-0.542857,-0.053763,1,-0.999527,-1
05750,1,0.419355,0.555556,1,0.536585,0.157895,1,0.676768,-0.657143,-0.075269,1,-0.999527,-1
05750,1,0.419355,0.555556,1,0.536585,0.157895,1,0.676768,-0.657143,-0.075269,1,-0.999527,-1
05750,1,0.451613,0.555556,1,0.536585,0.157895,1,0.676768,-0.6,-0.053763,1,-0.999527,-1
05750,1,0.451613,0.555556,1,0.536585,0.157895,1,0.676768,-0.657143,-0.075269,1,-0.999527,-1
05750,1,0,0.555556,1,0.536585,0.157895,1,0.676768,-0.657143,0.010753,1,-0.999527,-1
05750,1,0.193548,0.555556,1,0.536585,0.157895,1,0.676768,-0.657143,-0.032258,1,-0.999527,-1
05750,1,0.290323,0.555556,1,0.536585,0.157895,1,0.676768,-0.657143,-0.053763,1,-0.999527,-1
05750,1,0.322581,0.555556,1,0.536585,0.157895,1,0.676768,-0.714286,-0.032258,1,-0.999527,-1
05750,1,0.354839,0.555556,1,0.536585,0.157895,1,0.676768,-0.657143,-0.053763,1,-0.999527,-1
05750,1,0.387097,0.555556,1,0.536585,0.157895,1,0.676768,-0.714286,-0.053763,1,-0.999527,-1
05750,1,0.419355,0.555556,1,0.536585,0.157895,1,0.676768,-0.714286,-0.032258,1,-0.999527,-1
05750,1,0.419355,0.555556,1,0.536585,0.157895,1,0.676768,-0.714286,-0.053763,1,-0.999527,-1
05750,1,0.451613,0.555556,1,0.536585,0.157895,1,0.676768,-0.714286,-0.032258,1,-0.999527,-1
05750,1,0.451613,0.555556,1,0.536585,0.157895,1,0.676768,-0.714286,-0.053763,1,-0.999527,-1
05750,1,0.451613,0.555556,1,0.536585,0.157895,1,0.676768,-0.714286,-0.053763,1,-0.999527,-1
05750,1,-0.064516,0.555556,1,0.536585,0.157895,1,0.676768,-0.714286,-0.053763,1,-0.999527,-1
05750,1,0.193548,0.555556,1,0.536585,0.157895,1,0.676768,-0.714286,-0.053763,1,-0.999527,-1
05750,1,0.290323,0.555556,1,0.536585,0.157895,1,0.676768,-0.714286,-0.053763,1,-0.999527,-1
05750,1,0.290323,0.555556,1,0.536585,0.157895,1,0.676768,-0.714286,-0.075269,1,-0.999527,-1
05750,1,0.322581,0.555556,1,0.536585,0.157895,1,0.676768,-0.714286,-0.075269,1,-0.999527,-1
05750,1,0.354839,0.555556,1,0.536585,0.157895,1,0.676768,-0.714286,-0.075269,1,-0.999527,-1
05750,1,0.387097,0.555556,1,0.536585,0.157895,1,0.676768,-0.714286,-0.053763,1,-0.999527,-1
05750,1,0.387097,0.555556,1,0.536585,0.157895,1,0.676768,-0.714286,-0.053763,1,-0.999527,-1
05750,1,0.387097,0.555556,1,0.536585,0.157895,1,0.676768,-0.714286,-0.075269,1,-0.999527,-1
05750,1,0.419355,0.555556,1,0.536585,0.157895,1,0.676768,-0.714286,-0.075269,1,-0.999527,-1
05750,1,0.419355,0.555556,1,0.536585,0.157895,1,0.676768,-0.714286,-0.075269,1,-0.999527,-1
05750,1,0.451613,0.555556,1,0.536585,0.157895,1,0.676768,-0.657143,-0.075269,1,-0.999527,-1
05750,1,0.451613,0.555556,1,0.536585,0.157895,1,0.676768,-0.657143,-0.075269,1,-0.999527,-1
05750,1,0.483871,0.555556,1,0.536585,0.157895,1,0.676768,-0.657143,-0.053763,1,-0.999527,-1
05750,1,0,0.555556,1,0.536585,0.157895,1,0.676768,-0.714286,-0.010753,1,-0.999527,-1
05750,1,0.129032,0.555556,1,0.536585,0.157895,1,0.676768,-0.657143,-0.032258,1,-0.999527,-1
05750,1,0.193548,0.555556,1,0.536585,0.157895,1,0.676768,-0.657143,-0.075269,1,-0.999527,-1
05750,1,0.290323,0.555556,1,0.536585,0.157895,1,0.676768,-0.657143,-0.053763,1,-0.999527,-1
05750,1,0.290323,0.555556,1,0.536585,0.157895,1,0.676768,-0.657143,-0.075269,1,-0.999527,-1
05750,1,0.322581,0.555556,1,0.536585,0.157895,1,0.676768,-0.714286,-0.053763,1,-0.999527,-1
05750,1,0.354839,0.555556,1,0.536585,0.157895,1,0.676768,-0.771429,-0.053763,1,-0.999527,-1
05750,1,0.387097,0.555556,1,0.536585,0.157895,1,0.676768,-0.771429,-0.053763,1,-0.999527,-1
05750,1,0.387097,0.555556,1,0.536585,0.157895,1,0.676768,-0.714286,-0.053763,1,-0.999527,-1
05750,1,0.419355,0.555556,1,0.536585,0.157895,1,0.676768,-0.771429,-0.053763,1,-0.999527,-1
05750,1,0.419355,0.555556,1,0.536585,0.157895,1,0.676768,-0.771429,-0.053763,1,-0.999527,-1
05750,1,0.451613,0.555556,1,0.536585,0.157895,1,0.676768,-0.771429,-0.053763,1,-0.999527,-1
05750,1,0.451613,0.555556,1,0.536585,0.157895,1,0.676768,-0.714286,-0.053763,1,-0.999527,-1
05750,1,0.451613,0.555556,1,0.536585,0.157895,1,0.676768,-0.714286,-0.075269,1,-0.999527,-1
05750,1,0.483871,0.555556,1,0.536585,0.157895,1,0.676768,-0.714286,-0.053763,1,-0.999527,-1
05750,1,0,0.555556,1,0.536585,0.157895,1,0.676768,-0.714286,-0.053763,1,-0.999527,-1
05750,1,0.096774,0.555556,1,0.536585,0.157895,1,0.676768,-0.714286,-0.053763,1,-0.999527,-1
05750,1,0.16129,0.555556,1,0.536585,0.157895,1,0.676768,-0.714286,-0.075269,1,-0.999527,-1
05750,1,0.193548,0.555556,1,0.536585,0.157895,1,0.676768,-0.714286,-0.075269,1,-0.999527,-1
05750,1,0.225806,0.555556,1,0.536585,0.157895,1,0.676768,-0.771429,-0.096774,1,-0.999527,-1
05750,1,0.290323,0.555556,1,0.536585,0.157895,1,0.676768,-0.771429,-0.053763,1,-0.999527,-1
05750,1,0.290323,0.555556,1,0.536585,0.157895,1,0.676768,-0.771429,-0.075269,1,-0.999527,-1
05750,1,0.290323,0.555556,1,0.536585,0.157895,1,0.676768,-0.714286,-0.096774,1,-0.999527,-1
05750,1,0.322581,0.555556,1,0.536585,0.157895,1,0.676768,-0.714286,-0.096774,1,-0.999527,-1
05750,1,0.354839,0.555556,1,0.536585,0.157895,1,0.676768,-0.714286,-0.075269,1,-0.999527,-1
05750,1,0.387097,0.555556,1,0.536585,0.157895,1,0.676768,-0.714286,-0.053763,1,-0.999527,-1
05750,1,0.387097,0.555556,1,0.536585,0.157895,1,0.676768,-0.714286,-0.075269,1,-0.999527,-1
05750,1,0.387097,0.555556,1,0.536585,0.157895,1,0.676768,-0.714286,-0.075269,1,-0.999527,-1
05750,1,0.387097,0.555556,1,0.536585,0.157895,1,0.676768,-0.714286,-0.096774,1,-0.999527,-1
05750,1,0.419355,0.555556,1,0.536585,0.157895,1,0.676768,-0.657143,-0.096774,1,-0.999527,-1
05750,1,0.483871,0.555556,1,0.536585,0.157895,1,0.676768,-0.714286,-0.053763,1,-0.999527,-1
05750,1,-0.032258,0.555556,1,0.536585,0.157895,1,0.676768,-0.714286,-0.11828,1,-0.999527,-1
05750,1,0.096774,0.555556,1,0.536585,0.157895,1,0.676768,-0.714286,-0.182796,1,-0.999527,-1
05750,1,0.225806,0.555556,1,0.536585,0.157895,1,0.676768,-0.714286,-0.16129,1,-0.999527,-1
05750,1,0.290323,0.555556,1,0.536585,0.157895,1,0.676768,-0.714286,-0.16129,1,-0.999527,-1
05750,1,0.290323,0.555556,1,0.536585,0.157895,1,0.676768,-0.714286,-0.182796,1,-0.999527,-1
05750,1,0.322581,0.555556,1,0.536585,0.157895,1,0.676768,-0.714286,-0.182796,1,-0.999527,-1
05750,1,0.354839,0.555556,1,0.536585,0.157895,1,0.676768,-0.714286,-0.182796,1,-0.999527,-1
05750,1,0.387097,0.555556,1,0.536585,0.157895,1,0.676768,-0.714286,-0.182796,1,-0.999527,-1
05750,1,0.387097,0.555556,1,0.536585,0.157895,1,0.676768,-0.714286,-0.182796,1,-0.999527,-1
05750,1,0.387097,0.555556,1,0.536585,0.157895,1,0.676768,-0.714286,-0.204301,1,-0.999527,-1
05750,1,0.419355,0.555556,1,0.536585,0.157895,1,0.676768,-0.714286,-0.204301,1,-0.999527,-1
05750,1,0.451613,0.555556,1,0.536585,0.157895,1,0.676768,-0.714286,-0.204301,1,-0.999527,-1
05750,1,0.451613,0.555556,1,0.536585,0.157895,1,0.676768,-0.714286,-0.204301,1,-0.999527,-1
05750,1,0.483871,0.555556,1,0.536585,0.157895,1,0.676768,-0.714286,-0.182796,1,-0.999527,-1
05750,1,-0.064516,0.555556,1,0.536585,0.157895,1,0.676768,-0.714286,-0.333333,1,-0.999527,-1
05750,1,0.032258,0.555556,1,0.536585,0.157895,1,0.676768,-0.714286,-0.354839,1,-0.999527,-1
05750,1,0.16129,0.555556,1,0.536585,0.157895,1,0.676768,-0.714286,-0.290323,1,-0.999527,-1
05750,1,0.258065,0.555556,1,0.536585,0.157895,1,0.676768,-0.714286,-0.268817,1,-0.999527,-1
05750,1,0.290323,0.555556,1,0.536585,0.157895,1,0.676768,-0.714286,-0.247312,1,-0.999527,-1
05750,1,0.322581,0.555556,1,0.536585,0.157895,1,0.676768,-0.714286,-0.247312,1,-0.999527,-1
05750,1,0.354839,0.555556,1,0.536585,0.157895,1,0.676768,-0.657143,-0.247312,1,-0.999527,-1
05750,1,0.387097,0.555556,1,0.536585,0.157895,1,0.676768,-0.657143,-0.247312,1,-0.999527,-1
05750,1,0.387097,0.555556,1,0.536585,0.157895,1,0.676768,-0.714286,-0.247312,1,-0.999527,-1
05750,1,0.419355,0.555556,1,0.536585,0.157895,1,0.676768,-0.657143,-0.225806,1,-0.999527,-1
05750,1,0.419355,0.555556,1,0.536585,0.157895,1,0.676768,-0.714286,-0.225806,1,-0.999527,-1
05750,1,0.419355,0.555556,1,0.536585,0.157895,1,0.676768,-0.714286,-0.247312,1,-0.999527,-1
05750,1,0.419355,0.555556,1,0.536585,0.157895,1,0.676768,-0.714286,-0.247312,1,-0.999527,-1
05750,1,0.451613,0.555556,1,0.536585,0.157895,1,0.676768,-0.714286,-0.225806,1,-0.999527,-1
05750,1,0.451613,0.555556,1,0.536585,0.157895,1,0.676768,-0.714286,-0.225806,1,-0.999527,-1
05750,1,0.451613,0.555556,1,0.536585,0.157895,1,0.676768,-0.714286,-0.225806,1,-0.999527,-1
05750,1,0.483871,0.555556,1,0.536585,0.157895,1,0.676768,-0.714286,-0.204301,1,-0.999527,-1
05750,1,0.483871,0.555556,1,0.536585,0.157895,1,0.676768,-0.714286,-0.204301,1,-0.999527,-1
05750,1,-0.096774,0.555556,1,0.536585,0.157895,1,0.676768,-0.714286,-0.032258,1,-0.999527,-1
05750,1,0,0.555556,1,0.536585,0.157895,1,0.676768,-0.714286,-0.053763,1,-0.999527,-1
05750,1,0.096774,0.555556,1,0.536585,0.157895,1,0.676768,-0.714286,-0.096774,1,-0.999527,-1
05750,1,0.193548,0.555556,1,0.536585,0.157895,1,0.676768,-0.714286,-0.11828,1,-0.999527,-1
05750,1,0.225806,0.555556,1,0.536585,0.157895,1,0.676768,-0.714286,-0.096774,1,-0.999527,-1
05750,1,0.258065,0.555556,1,0.536585,0.157895,1,0.676768,-0.714286,-0.075269,1,-0.999527,-1
05750,1,0.290323,0.555556,1,0.536585,0.157895,1,0.676768,-0.714286,-0.075269,1,-0.999527,-1
05750,1,0.290323,0.555556,1,0.536585,0.157895,1,0.676768,-0.714286,-0.096774,1,-0.999527,-1
05750,1,0.322581,0.555556,1,0.536585,0.157895,1,0.676768,-0.714286,-0.096774,1,-0.999527,-1
05750,1,0.354839,0.555556,1,0.536585,0.157895,1,0.676768,-0.714286,-0.075269,1,-0.999527,-1
05750,1,0.387097,0.555556,1,0.536585,0.157895,1,0.676768,-0.714286,-0.075269,1,-0.999527,-1
05750,1,0.387097,0.555556,1,0.536585,0.157895,1,0.676768,-0.714286,-0.075269,1,-0.999527,-1
05750,1,0.387097,0.555556,1,0.536585,0.157895,1,0.676768,-0.714286,-0.096774,1,-0.999527,-1
05750,1,0.387097,0.555556,1,0.536585,0.157895,1,0.676768,-0.714286,-0.096774,1,-0.999527,-1
05750,1,0.451613,0.555556,1,0.536585,0.157895,1,0.676768,-0.714286,-0.075269,1,-0.999527,-1
05750,1,0.451613,0.555556,1,0.536585,0.157895,1,0.676768,-0.714286,-0.075269,1,-0.999527,-1
05750,1,0.483871,0.555556,1,0.536585,0.157895,1,0.676768,-0.714286,-0.075269,1,-0.999527,-1
05750,1,0,0.555556,1,0.536585,0.157895,1,0.676768,-0.714286,-0.096774,1,-0.999527,-1
05750,1,0.16129,0.555556,1,0.536585,0.157895,1,0.676768,-0.714286,-0.075269,1,-0.999527,-1
05750,1,0.193548,0.555556,1,0.536585,0.157895,1,0.676768,-0.714286,-0.075269,1,-0.999527,-1
05750,1,0.258065,0.555556,1,0.536585,0.157895,1,0.676768,-0.714286,-0.075269,1,-0.999527,-1
05750,1,0.290323,0.555556,1,0.536585,0.157895,1,0.676768,-0.714286,-0.053763,1,-0.999527,-1
05750,1,0.290323,0.555556,1,0.536585,0.157895,1,0.676768,-0.714286,-0.075269,1,-0.999527,-1
05750,1,0.290323,0.555556,1,0.536585,0.157895,1,0.676768,-0.714286,-0.096774,1,-0.999527,-1
05750,1,0.322581,0.555556,1,0.536585,0.157895,1,0.676768,-0.714286,-0.075269,1,-0.999527,-1
05750,1,0.354839,0.555556,1,0.536585,0.157895,1,0.676768,-0.714286,-0.075269,1,-0.999527,-1
05750,1,0.387097,0.555556,1,0.536585,0.157895,1,0.676768,-0.714286,-0.053763,1,-0.999527,-1
05750,1,0.387097,0.555556,1,0.536585,0.157895,1,0.676768,-0.714286,-0.075269,1,-0.999527,-1
05750,1,0.387097,0.555556,1,0.536585,0.157895,1,0.676768,-0.714286,-0.096774,1,-0.999527,-1
05750,1,0.419355,0.555556,1,0.536585,0.157895,1,0.676768,-0.714286,-0.075269,1,-0.999527,-1
05750,1,0.419355,0.555556,1,0.536585,0.157895,1,0.676768,-0.771429,-0.096774,1,-0.999527,-1
05750,1,0.451613,0.555556,1,0.536585,0.157895,1,0.676768,-0.714286,-0.075269,1,-0.999527,-1
05750,1,0.451613,0.555556,1,0.536585,0.157895,1,0.676768,-0.714286,-0.075269,1,-0.999527,-1
05750,1,0.129032,0.555556,1,0.536585,0.157895,1,0.676768,-0.714286,-0.096774,1,-0.999527,-1
05750,1,0.225806,0.555556,1,0.536585,0.157895,1,0.676768,-0.714286,-0.096774,1,-0.999527,-1
05750,1,0.290323,0.555556,1,0.536585,0.157895,1,0.676768,-0.714286,-0.075269,1,-0.999527,-1
05750,1,0.322581,0.555556,1,0.536585,0.157895,1,0.676768,-0.714286,-0.096774,1,-0.999527,-1
05750,1,0.354839,0.555556,1,0.536585,0.157895,1,0.676768,-0.714286,-0.096774,1,-0.999527,-1
05750,1,0.387097,0.555556,1,0.536585,0.157895,1,0.676768,-0.714286,-0.096774,1,-0.999527,-1
05750,1,0.419355,0.555556,1,0.536585,0.157895,1,0.676768,-0.657143,-0.096774,1,-0.999527,-1
05750,1,0.451613,0.555556,1,0.536585,0.157895,1,0.676768,-0.714286,-0.075269,1,-0.999527,-1
05750,1,0.451613,0.555556,1,0.536585,0.157895,1,0.676768,-0.657143,-0.075269,1,-0.999527,-1
05750,1,0.096774,0.555556,1,0.536585,0.157895,1,0.676768,-0.714286,-0.053763,1,-0.999527,-1